id;description;sort_order;date_added;date_modified;status
32775c3f-2f3c-4d1d-a6d0-6902eedde862;Nevada synthesize Electronics;84420;2021-05-16;2021-05-16;RESTRICTED
2e556830-2839-4e0f-a846-f83b592b3789;deposit HDD;21816;2021-05-16;2021-05-15;RESTRICTED
2c3415ee-3f4c-4119-9a8e-e4f985d8e6a7;networks;52182;2021-05-16;2021-05-16;RESTRICTED
e88fad40-80f1-43e7-9bab-09511d04e5b9;Lithuania;92816;2021-05-16;2021-05-16;RESTRICTED
8be1f826-4e71-4884-ae7e-4a0548fe3be9;6th;15904;2021-05-16;2021-05-15;RESTRICTED
99bc0e7c-3565-4ef1-ba55-278d1d2bf7fc;EXE Handcrafted Tasty;68810;2021-05-15;2021-05-16;DISABLED
323f02c9-ecc9-4e2b-be03-41b6514ac22e;Shoes Berkshire;75112;2021-05-16;2021-05-16;DISABLED
600166f6-3fbe-4a1c-8da4-9998e1e11340;Buckinghamshire Compatible Fish;58332;2021-05-15;2021-05-15;AVAILABLE
3bc9f847-69d3-404f-b9fa-5b84a1e41f7d;Plastic Progressive back-end;18918;2021-05-16;2021-05-16;RESTRICTED
3c0ab1a6-06ec-4976-9b79-e54c83224afe;Maine;61065;2021-05-16;2021-05-15;RESTRICTED
