id;title;keywords;description;rating;date_added;date_modified
3090a85f-db9c-465e-bc55-cb21cecea3b7;withdrawal THX Division;Metal;models partnerships Infrastructure;91058;2021-05-15;2021-05-15
48a47309-b825-4872-8b00-231c219bf634;Practical mobile Vermont;Sports COM Implementation;Cape;27546;2021-05-16;2021-05-16
7a72ad2f-2322-47e7-8134-eb9049cda2c5;multi-byte Underpass project;Computer Arizona mobile;AGP lavender;71562;2021-05-15;2021-05-16
3675d0e9-6901-44e4-91f0-1a2468fc20e5;Operations Chicken;Usability multi-byte;Kids IB;52857;2021-05-16;2021-05-16
f1243a14-e5cd-416e-b048-ebc7c9917f68;Product;Administrator CFA;Colombian B2C;99734;2021-05-15;2021-05-16
774b3faf-c689-45a2-bd52-cdca3542e450;Loan;Small Congo Engineer;Account portals Berkshire;36836;2021-05-16;2021-05-16
a23798b9-9aff-4471-8f40-32250fc18c2f;Salad;Future;Venezuela JBOD;3769;2021-05-16;2021-05-16
5fa46fd5-887f-4be4-a6dd-f93f2ca858de;blue;Massachusetts Programmable;Washington;12026;2021-05-16;2021-05-16
49c120e4-d9af-4887-bf71-e984509b0e9c;aggregate indexing;Computer PCI;Visionary Baby teal;23964;2021-05-15;2021-05-16
611d844d-d7aa-4a86-982b-2613c38b14ab;neural back-end Infrastructure;copying Dakota Sterling;benchmark 1080p quantifying;2488;2021-05-16;2021-05-16
